socks5://152.53.171.242:18301,ES,Unknown
socks5://152.53.171.242:20096,ES,Unknown
socks5://152.53.171.242:25099,ES,Unknown
socks5://152.53.171.242:20159,ES,Unknown
socks4://185.130.219.11:4153,ES,Unknown
http://195.114.209.50:443,ES,Unknown
http://195.189.190.245:9090,ES,Unknown
http://185.238.228.120:80,ES,
http://185.238.228.48:80,ES,
http://185.238.228.68:80,ES,
http://185.238.228.17:80,ES,
http://185.238.228.20:80,ES,
http://185.238.228.207:80,ES,
http://185.238.228.142:80,ES,
http://185.238.228.210:80,ES,