socks5://202.72.232.121:1080,BD,Unknown
socks4://103.82.8.201:4153,BD,Unknown
http://202.40.179.33:9090,BD,Unknown
http://103.156.215.16:8080,BD,Unknown
http://103.19.130.50:8080,BD,Unknown
http://103.129.200.129:8070,BD,Unknown
http://103.106.119.217:8081,BD,Unknown
http://123.200.6.205:2314,BD,Unknown
http://43.225.151.30:20505,BD,Unknown
http://59.153.18.142:20909,BD,Unknown
http://59.153.16.167:20909,BD,Unknown
socks4://118.67.223.4:5678,BD,
http://103.171.233.72:8080,BD,
socks5://103.136.107.70:1080,BD,
http://123.0.18.20:1452,BD,