socks5://5.255.117.127:1080,NL,Dronten
http://45.131.4.175:80,NL,
http://45.131.4.88:80,NL,
http://45.131.4.44:80,NL,
http://45.131.6.34:80,NL,
http://45.131.7.147:80,NL,
http://45.131.7.17:80,NL,
http://45.131.7.190:80,NL,
http://45.131.7.85:80,NL,
http://45.131.208.98:80,NL,
http://45.131.4.101:80,NL,
http://45.131.208.73:80,NL,
http://109.236.88.82:80,NL,Naaldwijk
http://45.131.4.62:80,NL,
http://45.131.4.160:80,NL,
http://45.131.7.253:80,NL,
http://45.131.7.92:80,NL,
http://185.88.141.109:80,NL,
http://45.131.5.52:80,NL,
http://45.131.4.152:80,NL,
http://45.131.5.132:80,NL,
http://45.131.6.245:80,NL,
http://188.114.96.65:80,NL,Amsterdam
http://45.131.6.232:80,NL,
http://45.131.4.137:80,NL,
http://45.131.6.17:80,NL,
http://45.131.7.177:80,NL,
http://45.131.7.250:80,NL,
http://188.114.96.91:80,NL,Amsterdam
http://45.131.7.75:80,NL,
http://45.131.5.85:80,NL,
http://45.131.6.138:80,NL,
http://45.131.5.107:80,NL,